Observación,Sexo,Edad,Educación,Ingresos,Cuenta Nomina,Tipo de Ingreso,Tarjeta de Credito,Frecuencia de Uso,Dicsiplina Financiera,Actitud,Ahorro
1809,1,79,0,18000,1,2,2,8,0,0,1
615,1,55,4,11724,1,2,1,4,0,0,1
417,1,52,3,60000,1,1,2,1,0,0,1
982,1,65,3,60000,1,2,1,6,0,0,1
1482,1,46,1,7200,1,2,1,6,1,0,1
488,1,47,1,8800,1,1,1,4,1,0,2
1035,1,22,2,48000,1,2,1,6,1,0,1
459,1,53,3,20000,2,1,1,1,1,0,1
342,1,34,4,8000,2,2,2,1,1,0,2
2007,2,25,1,8000,1,1,1,1,0,3,2
667,2,40,0,48000,1,1,2,3,3,3,1
1479,1,64,1,8000,1,1,1,4,3,3,1
1589,2,40,3,15200,1,1,1,4,3,3,1
685,1,81,3,30000,1,1,2,2,3,3,2
124,1,45,0,40000,1,2,1,2,2,3,2
20,2,25,0,10000,1,2,2,7,2,3,2
18,2,25,0,6400,1,2,1,2,2,3,2
167,1,34,0,8000,1,1,1,1,2,3,1
30,2,53,0,10000,1,2,1,1,2,3,2
877,1,80,0,9000,1,2,1,4,2,3,1
1989,1,22,1,4800,2,2,2,4,2,3,1
349,2,25,1,12400,1,1,2,6,2,3,1
1218,1,26,1,6000,2,2,2,6,2,3,1
408,1,29,1,8000,1,2,2,4,2,3,1
694,1,33,1,30000,1,1,1,1,2,3,1
1245,1,34,1,6000,2,2,1,4,2,3,1
704,1,34,1,40000,1,2,1,4,2,3,2
616,1,36,1,6000,1,1,1,4,2,3,1
1834,1,39,1,20000,1,2,2,6,2,3,2
1626,2,39,1,36000,1,2,2,4,2,3,2
1849,1,42,1,40000,1,2,1,6,2,3,2
1507,1,48,1,6000,1,1,1,4,2,3,2
2035,2,49,1,16000,2,2,1,4,2,3,1
1353,1,50,1,40000,1,1,1,2,2,3,1
182,1,51,1,7000,1,2,2,2,2,3,2
627,1,53,1,10000,2,2,1,2,2,3,1
1847,2,55,1,32000,2,1,1,1,2,3,1
1856,1,56,1,32000,1,2,1,2,2,3,2
1374,1,58,1,4500,1,2,1,4,2,3,1
1274,1,59,1,6000,1,2,1,1,2,3,2
141,2,59,1,60000,1,2,1,4,2,3,1
31,1,60,1,16000,1,2,1,1,2,3,2
983,1,61,1,16000,2,1,2,2,2,3,2
786,1,63,1,18000,1,2,1,8,2,3,1
1888,2,66,1,8000,1,1,1,6,2,3,2
327,1,67,1,36000,1,1,1,1,2,3,2
1549,2,69,1,26000,1,1,1,4,2,3,2
1450,2,77,1,60000,2,2,1,8,2,3,2
403,2,82,1,20000,1,2,2,8,2,3,2
142,2,25,2,8600,1,1,1,2,2,3,2
1552,1,38,2,15000,1,1,1,4,2,3,1
1861,1,40,2,7200,1,1,1,1,2,3,1
321,1,41,2,28000,2,1,1,3,2,3,1
318,2,44,2,7200,1,2,1,6,2,3,1
138,1,46,2,12000,2,2,1,7,2,3,2
1544,1,50,2,12600,1,1,2,4,2,3,2
539,1,55,2,13600,2,2,1,1,2,3,1
1990,1,74,2,8000,1,2,1,6,2,3,1
1147,2,21,3,8000,1,2,1,1,2,3,1
1574,1,29,3,24000,2,2,2,1,2,3,1
1742,1,32,3,6000,2,2,2,6,2,3,1
785,1,32,3,7200,1,2,1,6,2,3,1
1120,1,32,3,14000,1,1,1,1,2,3,1
217,1,33,3,4800,1,2,1,3,2,3,2
914,1,38,3,7600,1,2,1,6,2,3,1
1658,1,62,3,7200,1,1,1,1,2,3,2
480,1,68,3,20000,2,1,1,1,2,3,1
915,1,70,3,12000,2,1,1,2,2,3,2
1744,1,77,3,60000,1,2,1,4,2,3,1
1828,2,39,4,12000,1,2,1,4,2,3,1
87,2,25,0,8400,2,2,1,4,1,3,2
50,1,74,0,60000,1,2,2,6,1,3,2
7,1,22,0,6000,1,1,1,8,1,3,2
6,2,33,0,32000,1,1,2,6,1,3,2
47,2,38,0,9000,1,1,1,1,1,3,2
1140,1,51,0,6000,1,1,1,1,1,3,1
17,2,53,0,30000,1,1,1,1,1,3,2
2037,2,69,0,15200,1,2,2,1,1,3,1
191,2,70,0,28000,2,2,2,8,1,3,1
286,2,77,0,14000,1,1,1,1,1,3,2
419,2,79,0,14000,1,2,1,1,1,3,1
1725,2,83,0,40000,1,2,2,1,1,3,1
52,2,85,0,8000,2,1,1,6,1,3,2
1467,2,21,1,4800,2,2,1,4,1,3,1
660,1,21,1,5600,2,2,2,8,1,3,1
516,1,22,1,28000,1,2,1,2,1,3,2
589,1,23,1,6800,1,2,1,1,1,3,1
1408,2,23,1,10000,1,1,1,1,1,3,2
1361,1,25,1,36000,2,1,1,6,1,3,2
200,1,27,1,48000,1,1,1,8,1,3,1
1405,1,28,1,25000,1,2,1,6,1,3,1
526,1,30,1,6000,1,2,1,3,1,3,1
363,2,31,1,8800,1,2,2,4,1,3,1
742,2,32,1,6000,2,2,1,6,1,3,1
434,2,32,1,48000,1,2,1,1,1,3,1
750,1,33,1,6800,1,1,1,1,1,3,2
1171,1,34,1,6000,1,1,1,8,1,3,2
1557,1,34,1,6000,1,2,2,6,1,3,2
1655,2,35,1,13000,1,1,1,8,1,3,2
1518,1,35,1,64000,1,2,1,4,1,3,1
807,1,37,1,7200,1,2,1,1,1,3,1
513,2,38,1,6000,2,1,1,4,1,3,2
735,1,38,1,18000,1,2,1,4,1,3,1
1198,2,39,1,11200,1,1,1,1,1,3,1
185,2,39,1,16000,1,2,2,2,1,3,1
1605,1,39,1,24000,1,2,1,2,1,3,2
670,1,40,1,40000,1,2,1,4,1,3,1
245,2,41,1,14000,1,1,1,4,1,3,1
2074,1,41,1,24000,1,1,1,1,1,3,2
425,1,42,1,5000,1,2,1,6,1,3,2
745,1,42,1,20000,2,2,1,1,1,3,1
2044,1,42,1,36000,1,1,2,4,1,3,2
2040,2,42,1,50000,1,2,2,1,1,3,2
102,2,43,1,14000,1,1,1,2,1,3,2
2059,1,44,1,6000,2,2,2,4,1,3,2
491,1,44,1,28000,2,2,1,4,1,3,2
1251,2,45,1,20000,1,1,1,1,1,3,1
1468,1,47,1,20000,1,1,1,4,1,3,2
1903,2,47,1,64000,1,2,1,1,1,3,1
1223,2,48,1,6000,1,2,2,2,1,3,1
1560,2,48,1,7200,1,1,1,1,1,3,1
1954,1,48,1,24000,1,1,1,8,1,3,1
1527,2,49,1,48000,1,1,2,4,1,3,1
236,2,49,1,50000,1,1,1,2,1,3,1
965,2,50,1,6000,1,2,2,2,1,3,1
1262,1,50,1,6000,2,2,1,1,1,3,2
390,2,50,1,7200,1,1,1,2,1,3,1
1963,2,50,1,7200,2,2,2,1,1,3,2
38,1,50,1,8000,2,2,2,1,1,3,1
1285,1,50,1,24000,1,1,2,2,1,3,1
1813,1,51,1,8000,1,2,1,4,1,3,2
387,1,51,1,19200,1,1,1,6,1,3,1
147,1,51,1,40000,1,2,1,6,1,3,1
226,1,51,1,48000,1,1,1,4,1,3,1
553,1,52,1,20000,1,1,1,3,1,3,2
192,1,52,1,24000,1,1,1,2,1,3,2
1065,2,52,1,26000,1,1,1,4,1,3,1
1212,2,52,1,40000,1,2,1,1,1,3,1
1327,2,53,1,48000,2,2,1,1,1,3,2
273,1,53,1,64000,1,2,1,6,1,3,1
2075,1,54,1,12000,2,2,1,6,1,3,1
1669,1,54,1,14000,1,2,2,1,1,3,1
816,2,55,1,9600,1,2,1,2,1,3,1
160,2,55,1,19600,2,2,2,1,1,3,1
527,1,55,1,28000,1,1,1,1,1,3,2
1338,1,57,1,11400,1,2,1,4,1,3,1
1186,1,57,1,52000,1,1,1,1,1,3,2
1199,1,58,1,6000,2,1,2,4,1,3,1
568,1,58,1,12000,1,2,1,4,1,3,2
889,1,58,1,20000,2,1,1,3,1,3,1
1901,1,58,1,60000,1,2,2,6,1,3,1
2056,1,60,1,64000,1,2,2,1,1,3,1
2031,2,61,1,8000,1,1,1,6,1,3,1
105,1,61,1,11600,1,2,1,4,1,3,2
1354,1,63,1,6000,2,2,2,3,1,3,1
753,1,63,1,20000,2,2,1,6,1,3,2
772,2,64,1,7200,1,2,1,2,1,3,2
2027,1,64,1,10000,1,1,1,4,1,3,1
2013,1,64,1,27200,1,1,1,8,1,3,2
2066,2,64,1,48000,2,2,2,8,1,3,1
276,1,65,1,8000,1,2,2,1,1,3,1
1366,2,65,1,52000,1,1,1,4,1,3,2
874,1,66,1,5200,2,2,1,4,1,3,1
718,1,66,1,8000,2,1,1,4,1,3,1
258,1,66,1,40000,1,1,1,8,1,3,2
1037,1,68,1,40000,2,2,1,8,1,3,2
1875,1,69,1,18000,1,1,1,1,1,3,1
358,1,69,1,23000,1,2,1,4,1,3,1
1935,1,70,1,7200,1,2,1,4,1,3,1
848,1,70,1,10400,2,2,1,1,1,3,2
702,2,71,1,6000,2,2,2,6,1,3,1
426,2,71,1,24000,1,2,1,1,1,3,1
1192,1,72,1,5000,2,2,1,1,1,3,1
473,1,73,1,11000,1,1,1,8,1,3,2
621,1,74,1,10000,1,2,1,8,1,3,2
675,1,74,1,15000,1,1,1,2,1,3,1
738,1,76,1,6400,1,2,1,1,1,3,1
976,1,77,1,8800,1,1,2,1,1,3,2
652,1,77,1,9200,1,2,1,1,1,3,1
289,2,79,1,12800,1,2,1,8,1,3,1
1692,2,80,1,12000,1,2,1,6,1,3,1
1304,2,21,2,4600,2,1,1,2,1,3,1
810,1,23,2,12000,1,2,1,3,1,3,1
693,1,23,2,56000,1,1,1,4,1,3,2
1887,2,25,2,8400,1,2,1,1,1,3,1
698,1,26,2,8800,1,2,1,6,1,3,1
407,2,27,2,14400,1,2,1,2,1,3,1
1614,2,28,2,6400,1,1,1,4,1,3,1
1207,1,32,2,6000,2,1,1,1,1,3,1
1428,1,36,2,16000,2,1,1,4,1,3,1
1038,2,37,2,7200,1,1,1,8,1,3,1
949,1,38,2,12000,2,2,1,8,1,3,1
46,1,39,2,15000,1,1,2,6,1,3,1
1189,1,40,2,40000,1,2,1,4,1,3,1
267,1,41,2,10000,1,1,1,6,1,3,1
1050,2,41,2,16000,1,1,2,4,1,3,2
672,1,44,2,8000,1,2,1,1,1,3,1
1077,1,48,2,40000,1,1,1,3,1,3,1
1897,1,49,2,10800,1,2,1,4,1,3,1
757,1,49,2,40000,1,2,1,4,1,3,2
1837,1,50,2,5200,2,1,1,4,1,3,2
162,1,50,2,16000,2,2,1,8,1,3,1
1190,2,52,2,7200,2,2,1,6,1,3,1
1446,2,55,2,7600,1,2,1,1,1,3,1
1779,1,56,2,8000,1,2,1,1,1,3,2
497,1,56,2,12000,2,2,1,1,1,3,1
435,1,59,2,32000,1,2,1,4,1,3,2
555,1,60,2,28000,1,2,1,4,1,3,2
1438,2,61,2,10000,2,2,1,4,1,3,1
1420,2,61,2,40000,1,2,1,2,1,3,2
771,2,63,2,6000,1,2,1,1,1,3,1
399,1,65,2,6000,1,2,1,2,1,3,2
173,1,65,2,56000,1,2,1,1,1,3,1
346,1,66,2,7200,1,2,1,1,1,3,1
708,2,67,2,28000,1,2,2,3,1,3,2
441,2,68,2,7200,2,2,1,1,1,3,2
180,2,73,2,32000,1,1,1,8,1,3,2
1983,1,75,2,4800,1,2,1,4,1,3,2
950,1,80,2,9000,1,1,2,6,1,3,2
577,1,23,3,6000,2,1,1,1,1,3,2
384,1,28,3,10000,2,2,1,1,1,3,1
991,2,30,3,10000,1,2,2,4,1,3,1
1559,1,30,3,10352,1,2,1,4,1,3,1
1185,1,31,3,8000,1,2,2,2,1,3,1
176,1,32,3,52000,1,1,1,6,1,3,2
1646,2,33,3,13000,2,2,1,4,1,3,1
1615,2,34,3,28000,1,1,1,8,1,3,1
215,1,37,3,5000,1,2,2,4,1,3,1
749,1,37,3,6000,2,2,1,8,1,3,2
1156,1,38,3,44000,1,1,1,1,1,3,1
1002,2,39,3,40000,1,2,1,5,1,3,2
981,1,42,3,6000,2,1,1,2,1,3,1
1417,2,42,3,18000,1,2,1,6,1,3,1
1331,2,43,3,8000,2,1,2,2,1,3,2
1383,2,43,3,19200,1,1,1,2,1,3,2
468,1,44,3,6000,2,2,1,6,1,3,1
486,1,44,3,8000,2,2,1,3,1,3,1
280,2,45,3,8000,2,2,1,1,1,3,1
91,2,45,3,14600,1,2,1,4,1,3,1
135,2,45,3,48000,2,2,1,4,1,3,1
405,2,48,3,5000,1,1,1,4,1,3,2
240,2,48,3,48000,1,1,1,6,1,3,2
251,1,50,3,6800,1,1,1,1,1,3,2
878,1,52,3,24000,1,2,2,1,1,3,1
608,1,52,3,44000,1,2,1,6,1,3,1
676,1,54,3,5000,1,2,1,6,1,3,1
449,1,54,3,22800,1,2,1,1,1,3,1
1132,1,55,3,6000,2,2,2,4,1,3,2
684,1,61,3,12000,1,1,1,4,1,3,1
690,2,65,3,6000,2,1,1,4,1,3,2
1808,2,68,3,7000,2,2,1,8,1,3,1
1977,2,74,3,16000,1,2,1,1,1,3,2
1257,1,78,3,15000,1,2,2,3,1,3,2
366,1,90,3,18000,1,2,1,4,1,3,1
2038,1,44,4,7000,2,2,2,4,1,3,1
1240,1,48,4,7500,1,1,1,4,1,3,1
1510,1,57,4,42400,1,1,1,4,1,3,1
862,1,68,4,7200,1,2,1,1,1,3,2
626,1,42,1,10000,2,2,1,5,0,2,2
1688,1,66,1,6400,1,2,2,4,0,2,2
830,2,49,2,8000,2,2,1,1,0,2,2
1908,1,44,1,16000,1,2,1,1,0,2,2
1429,1,62,1,20000,1,1,1,1,0,2,1
71,1,25,0,8000,1,1,1,1,3,2,2
225,2,37,1,7200,2,2,1,1,3,2,1
618,1,60,1,13000,1,2,1,6,3,2,1
1708,1,65,1,4800,2,2,2,2,3,2,1
1705,1,60,3,8400,1,2,2,2,3,2,1
1427,1,62,3,27200,1,1,1,6,3,2,2
69,1,22,0,6000,1,2,2,4,2,2,2
101,2,28,0,19000,1,1,1,6,2,2,1
113,1,31,0,34000,1,1,1,1,2,2,1
119,2,35,0,14000,1,1,2,6,2,2,2
58,1,36,0,7000,1,1,1,1,2,2,2
283,1,41,0,16000,1,1,2,4,2,2,1
8,2,53,0,36000,2,1,1,3,2,2,2
234,2,61,0,36000,2,1,1,6,2,2,2
1665,1,64,0,5000,2,1,2,6,2,2,1
1104,2,68,0,48000,1,1,2,1,2,2,2
1995,1,82,0,36000,1,1,1,4,2,2,2
1085,2,46,1,38276,1,2,1,6,2,2,1
1604,2,20,1,8000,2,2,1,4,2,2,1
164,1,22,1,12000,1,1,1,6,2,2,1
1308,1,24,1,44000,1,2,1,6,2,2,1
447,1,28,1,7200,1,2,1,4,2,2,1
1795,1,29,1,14000,1,2,1,4,2,2,2
940,1,30,1,7200,2,2,2,1,2,2,1
1328,1,30,1,14000,2,2,1,2,2,2,1
220,2,31,1,12000,1,1,1,6,2,2,2
1124,1,31,1,16000,2,2,1,6,2,2,2
146,1,34,1,15000,1,2,2,1,2,2,2
1191,1,36,1,40000,1,2,1,4,2,2,1
1481,1,37,1,32000,2,2,1,4,2,2,1
1026,1,37,1,48000,2,1,2,3,2,2,1
1432,1,39,1,5600,2,2,1,1,2,2,2
1590,1,40,1,5000,2,2,1,1,2,2,1
2050,1,40,1,30000,1,1,1,4,2,2,2
1951,2,40,1,46000,1,2,1,1,2,2,1
1759,1,41,1,20000,1,2,1,8,2,2,1
401,1,42,1,5000,1,1,1,6,2,2,2
699,1,44,1,7200,2,1,1,1,2,2,2
794,1,44,1,24000,1,2,1,1,2,2,2
2076,2,45,1,9200,1,2,1,6,2,2,2
1196,1,45,1,13600,1,1,2,2,2,2,1
1503,2,46,1,4800,2,1,1,6,2,2,2
1761,2,47,1,16000,1,2,1,8,2,2,1
1062,1,48,1,4800,1,1,1,4,2,2,1
322,1,48,1,60000,1,2,2,4,2,2,1
222,1,49,1,6000,1,2,1,1,2,2,2
564,2,49,1,15000,1,1,1,4,2,2,1
2018,1,49,1,48000,1,2,1,5,2,2,1
137,2,50,1,6000,2,2,1,4,2,2,1
2072,1,50,1,12000,2,1,1,2,2,2,1
547,2,50,1,40000,1,1,1,1,2,2,1
963,1,51,1,28000,1,1,2,3,2,2,2
1075,2,52,1,8800,2,2,1,4,2,2,1
1947,1,52,1,25000,1,2,1,1,2,2,2
1079,1,52,1,48000,1,2,1,2,2,2,1
1435,1,54,1,18000,2,2,1,4,2,2,1
2010,2,55,1,8800,1,1,1,6,2,2,1
1529,2,57,1,6960,1,2,2,1,2,2,1
398,2,57,1,50000,2,1,1,1,2,2,2
1097,1,58,1,11200,1,2,1,4,2,2,1
1093,2,58,1,18000,1,1,1,6,2,2,2
1142,1,60,1,20000,2,1,1,4,2,2,2
261,1,61,1,28000,1,1,1,6,2,2,1
464,1,62,1,19600,1,2,1,4,2,2,1
867,2,62,1,32000,1,1,1,4,2,2,1
2045,1,63,1,10000,1,2,1,2,2,2,1
596,2,64,1,40000,1,2,1,6,2,2,1
630,2,65,1,16000,1,2,1,8,2,2,2
501,1,66,1,8000,2,2,1,6,2,2,1
471,2,66,1,24000,1,1,2,6,2,2,1
395,1,67,1,25000,1,2,1,6,2,2,1
145,2,67,1,34000,1,2,1,1,2,2,1
997,1,68,1,20000,2,2,1,6,2,2,1
1773,1,68,1,24000,1,1,1,1,2,2,2
1347,1,69,1,32000,2,2,1,4,2,2,2
775,1,70,1,10800,1,2,1,3,2,2,2
1443,1,71,1,8000,2,1,1,6,2,2,1
24,1,73,1,10000,1,1,1,1,2,2,2
227,1,74,1,24000,1,1,1,1,2,2,1
1107,1,76,1,20000,2,2,1,4,2,2,1
1771,2,80,1,16000,1,2,1,4,2,2,1
1981,2,82,1,36000,1,1,1,1,2,2,1
1924,1,85,1,7200,1,1,2,2,2,2,1
1571,2,22,2,5200,1,1,1,1,2,2,2
1071,1,23,2,6400,2,1,1,8,2,2,1
813,2,23,2,10000,1,1,1,5,2,2,2
964,1,26,2,5600,2,2,2,4,2,2,1
1001,1,26,2,7200,1,1,2,4,2,2,1
2001,1,26,2,12000,1,2,1,6,2,2,1
277,1,27,2,8000,2,2,1,1,2,2,2
1470,1,28,2,8000,1,1,2,1,2,2,2
1041,1,28,2,10000,1,2,1,4,2,2,1
941,2,31,2,5000,2,2,1,1,2,2,1
208,2,32,2,10800,1,1,1,1,2,2,1
1145,1,37,2,14400,1,1,2,1,2,2,1
1608,2,38,2,4800,1,2,1,6,2,2,1
1022,1,39,2,7200,2,2,1,1,2,2,2
413,2,39,2,32000,1,1,2,4,2,2,2
1956,1,40,2,5600,2,1,1,1,2,2,2
1231,1,40,2,25200,2,2,1,4,2,2,2
1410,1,40,2,60000,1,2,1,6,2,2,2
820,1,41,2,4800,2,1,1,4,2,2,2
394,1,42,2,6000,2,2,1,6,2,2,1
1678,1,43,2,6000,1,2,1,1,2,2,1
1603,1,43,2,20000,2,1,1,1,2,2,2
309,1,48,2,6000,2,1,1,4,2,2,2
933,2,49,2,16000,2,1,1,6,2,2,2
1515,1,50,2,6000,1,2,1,6,2,2,1
1125,1,51,2,20000,1,1,1,1,2,2,2
1154,2,52,2,12000,1,2,2,6,2,2,2
658,1,53,2,12000,2,2,1,8,2,2,2
1988,1,54,2,24000,1,2,1,4,2,2,1
374,1,55,2,6000,1,2,1,4,2,2,1
927,1,55,2,6000,1,1,1,4,2,2,1
1066,1,56,2,9000,1,1,2,4,2,2,2
2046,2,58,2,36000,1,1,2,1,2,2,1
1727,1,59,2,40000,1,1,2,3,2,2,1
1325,1,62,2,8000,1,1,1,6,2,2,1
1496,1,79,2,8000,1,1,1,1,2,2,2
1155,1,81,2,20000,1,1,1,4,2,2,1
947,1,26,3,9600,1,1,2,4,2,2,2
1291,1,27,3,5600,2,1,1,1,2,2,2
1718,1,29,3,10800,1,1,1,4,2,2,2
661,2,30,3,10000,1,2,1,1,2,2,1
774,1,37,3,6000,2,1,1,1,2,2,2
1301,1,37,3,32000,1,1,1,8,2,2,1
646,1,38,3,9600,1,1,1,2,2,2,1
1534,1,38,3,36800,1,2,1,2,2,2,1
1307,1,39,3,20000,2,1,1,6,2,2,2
729,1,40,3,52000,1,2,1,1,2,2,1
436,1,41,3,10000,1,2,2,2,2,2,1
746,1,45,3,8000,2,1,1,6,2,2,2
1519,2,48,3,5000,1,1,1,1,2,2,2
866,1,48,3,20000,1,2,1,2,2,2,1
1499,1,49,3,40000,1,2,1,1,2,2,2
1009,1,50,3,50000,1,1,1,6,2,2,2
214,1,51,3,20000,1,1,1,1,2,2,1
913,1,56,3,12800,2,2,1,1,2,2,1
1962,1,57,3,7800,1,1,1,6,2,2,1
1382,2,58,3,17200,1,1,1,4,2,2,1
890,1,59,3,7000,1,1,1,1,2,2,2
1585,2,61,3,6400,1,1,2,2,2,2,1
39,1,64,3,32000,1,2,1,6,2,2,2
128,1,67,3,24000,1,2,1,4,2,2,1
573,2,74,3,13200,1,2,1,1,2,2,1
98,1,37,4,9200,1,2,1,4,2,2,2
879,2,40,4,36000,2,2,2,1,2,2,1
56,1,22,0,9000,1,2,1,8,1,2,2
70,2,18,0,6000,1,2,2,1,1,2,2
68,1,25,0,16000,2,2,2,4,1,2,1
49,2,50,0,60000,2,2,2,1,1,2,1
21,1,18,0,6000,1,1,1,8,1,2,2
60,1,25,0,24000,1,2,1,6,1,2,2
100,2,23,0,5500,1,2,1,4,1,2,2
92,2,28,0,10000,2,2,1,4,1,2,2
65,1,31,0,17000,1,2,1,2,1,2,2
94,2,22,0,20800,1,1,1,1,1,2,2
82,2,21,0,60000,1,2,1,8,1,2,2
37,2,23,0,14000,1,2,1,1,1,2,1
74,2,25,0,16000,2,2,1,5,1,2,1
63,2,25,0,40000,1,1,1,3,1,2,2
120,1,32,0,16000,2,2,1,6,1,2,1
89,2,34,0,20000,1,1,2,4,1,2,2
85,1,35,0,30000,1,2,1,6,1,2,1
129,1,39,0,24800,2,1,1,4,1,2,1
97,2,41,0,8000,2,1,2,2,1,2,1
629,1,50,0,24000,1,2,2,2,1,2,1
78,2,52,0,8800,1,2,1,1,1,2,2
1592,2,52,0,14000,1,2,1,1,1,2,2
93,2,53,0,5000,1,1,1,1,1,2,1
1984,1,55,0,16000,1,2,1,3,1,2,1
648,1,56,0,5000,1,2,1,1,1,2,2
248,1,56,0,14000,1,2,1,1,1,2,1
340,1,58,0,8000,1,1,1,4,1,2,1
959,1,61,0,20000,1,1,2,6,1,2,1
40,2,63,0,12000,1,1,2,4,1,2,2
118,2,64,0,10000,2,1,1,3,1,2,2
599,2,64,0,10000,2,2,2,6,1,2,1
377,1,68,0,22000,1,1,1,4,1,2,1
73,2,72,0,8000,2,1,1,1,1,2,1
1184,1,73,0,10000,2,1,1,6,1,2,1
1822,1,74,0,26000,1,2,1,2,1,2,2
266,1,76,0,32000,1,1,2,1,1,2,1
1122,2,78,0,14000,1,1,2,1,1,2,2
1250,1,80,0,7200,2,2,1,6,1,2,2
53,2,80,0,10000,1,2,1,2,1,2,2
48,2,82,0,8000,1,1,1,8,1,2,2
1575,2,83,0,15000,1,2,1,4,1,2,1
1642,2,84,0,5000,2,1,1,7,1,2,2
1278,2,84,0,7200,1,1,1,4,1,2,1
83,2,85,0,20000,1,1,1,1,1,2,2
1754,2,85,0,40000,1,2,1,4,1,2,1
1293,2,88,0,10000,2,2,1,1,1,2,1
674,2,89,0,7200,1,1,2,1,1,2,1
719,1,89,0,28000,1,1,1,3,1,2,2
1827,1,56,1,56000,1,1,1,4,1,2,2
1162,1,21,1,4800,2,2,1,6,1,2,1
1886,1,21,1,16000,2,2,1,4,1,2,1
1461,2,21,1,32000,2,2,1,3,1,2,1
600,1,23,1,4700,2,2,1,1,1,2,1
1751,1,23,1,10000,2,2,1,1,1,2,1
1488,1,23,1,17000,1,1,1,1,1,2,2
1424,2,26,1,15000,2,1,1,6,1,2,2
883,1,27,1,7200,1,2,1,8,1,2,1
338,1,28,1,18000,1,1,1,4,1,2,1
241,2,28,1,50000,1,2,1,6,1,2,1
824,1,29,1,12000,1,1,1,1,1,2,1
1930,2,29,1,16000,2,2,1,4,1,2,1
544,1,30,1,5000,1,2,2,2,1,2,1
429,1,30,1,7200,1,1,1,4,1,2,1
1324,1,30,1,10000,1,1,1,4,1,2,2
1775,1,30,1,20000,1,2,2,1,1,2,2
2009,2,31,1,32000,1,2,1,4,1,2,1
1485,1,32,1,24800,2,1,1,6,1,2,1
1404,1,32,1,32000,1,2,1,4,1,2,1
260,1,32,1,36000,2,2,2,4,1,2,1
1148,1,33,1,4800,2,2,1,8,1,2,1
1612,1,33,1,36000,1,2,1,8,1,2,1
2030,1,33,1,64000,1,1,2,1,1,2,1
402,1,34,1,8000,1,2,1,2,1,2,1
1502,1,34,1,9200,1,2,1,1,1,2,2
1743,1,34,1,52000,1,2,1,4,1,2,2
1745,1,35,1,12000,1,1,2,1,1,2,1
1630,1,35,1,40000,1,2,2,4,1,2,1
1925,1,36,1,32000,1,2,2,4,1,2,2
1008,1,37,1,6000,2,1,2,1,1,2,1
1433,1,37,1,8000,2,2,1,4,1,2,2
1367,1,37,1,18000,1,1,1,1,1,2,1
1202,2,37,1,24000,1,2,1,2,1,2,1
1884,2,38,1,5500,1,2,1,6,1,2,1
2079,1,38,1,7000,2,2,1,4,1,2,2
894,1,38,1,8000,1,1,2,2,1,2,2
770,2,38,1,56000,1,1,1,6,1,2,2
1739,1,39,1,6000,1,1,2,1,1,2,2
2042,2,39,1,12000,2,2,2,3,1,2,1
454,2,39,1,14000,1,1,2,1,1,2,2
957,2,39,1,32000,2,1,2,1,1,2,2
2069,2,40,1,4800,2,2,1,1,1,2,2
677,2,40,1,6000,1,1,1,1,1,2,1
11,1,40,1,7200,1,2,1,4,1,2,2
1895,1,40,1,12000,1,2,1,1,1,2,1
538,2,40,1,16000,2,2,1,4,1,2,2
496,1,40,1,20000,2,2,2,8,1,2,2
2025,1,40,1,24000,2,1,1,6,1,2,2
484,2,40,1,62400,1,2,1,1,1,2,1
320,1,41,1,6000,1,2,1,2,1,2,1
921,1,41,1,8000,2,2,1,6,1,2,2
1208,1,41,1,8000,2,2,1,8,1,2,1
871,1,41,1,10000,1,1,1,4,1,2,1
1726,2,41,1,60000,2,2,2,4,1,2,2
455,1,42,1,4800,2,1,1,1,1,2,1
724,2,42,1,6000,1,1,1,4,1,2,2
369,1,43,1,8000,1,1,1,4,1,2,1
1760,2,43,1,10000,1,2,1,4,1,2,2
759,2,43,1,12000,1,1,1,8,1,2,1
1031,1,43,1,20000,1,1,1,1,1,2,1
851,1,43,1,36000,1,1,2,4,1,2,1
823,1,43,1,40000,1,1,1,1,1,2,1
1474,1,43,1,44000,1,2,1,1,1,2,1
1165,1,44,1,10400,1,2,2,2,1,2,2
1498,1,44,1,12000,1,1,1,4,1,2,1
919,1,44,1,24000,2,1,1,1,1,2,1
765,1,45,1,6000,1,1,2,4,1,2,1
313,1,45,1,6800,2,1,1,2,1,2,1
420,2,45,1,8800,2,1,1,4,1,2,2
1476,2,45,1,24000,1,2,1,4,1,2,2
1602,1,45,1,56000,1,2,1,5,1,2,2
849,1,46,1,6000,2,1,1,6,1,2,1
229,1,46,1,8000,1,1,1,1,1,2,2
1025,2,46,1,10000,1,1,1,1,1,2,2
1509,1,46,1,12800,1,1,1,3,1,2,1
218,1,46,1,24000,1,2,2,1,1,2,2
1683,1,46,1,38000,2,2,1,4,1,2,2
1993,1,47,1,7000,1,1,1,1,1,2,2
291,2,47,1,8000,1,2,1,1,1,2,1
1801,1,47,1,10000,1,2,1,4,1,2,1
1341,1,47,1,32000,1,2,1,6,1,2,1
149,1,48,1,10000,2,2,1,1,1,2,1
1088,1,48,1,12000,1,1,2,1,1,2,1
1577,1,48,1,12000,1,2,2,4,1,2,2
1948,2,48,1,32000,1,1,1,1,1,2,2
1115,2,49,1,6000,2,1,1,1,1,2,1
1063,2,49,1,7200,1,2,2,6,1,2,2
216,1,49,1,10000,1,1,1,1,1,2,1
668,1,49,1,14000,1,2,1,6,1,2,1
1445,1,49,1,14400,2,1,2,2,1,2,1
1221,2,49,1,20000,1,2,1,2,1,2,1
1899,1,49,1,28000,1,2,1,1,1,2,1
1556,1,49,1,36000,1,2,1,1,1,2,1
1229,2,50,1,4800,2,2,1,4,1,2,2
1495,1,50,1,5900,1,2,1,5,1,2,1
1654,2,50,1,6000,1,2,2,4,1,2,2
199,1,50,1,6500,1,2,1,1,1,2,2
2019,1,50,1,10000,2,2,1,6,1,2,1
954,2,50,1,12000,2,2,1,2,1,2,1
1163,1,51,1,5000,2,1,1,4,1,2,1
462,1,51,1,8000,2,1,1,1,1,2,2
1632,2,51,1,12000,1,2,1,6,1,2,2
1386,1,52,1,4800,2,1,1,1,1,2,1
612,1,52,1,6000,2,1,1,6,1,2,1
282,2,52,1,6800,2,2,1,4,1,2,1
846,2,52,1,8000,2,2,2,4,1,2,1
1015,2,52,1,8000,1,2,1,4,1,2,1
152,2,52,1,10000,1,2,2,1,1,2,2
354,1,52,1,10000,2,2,1,3,1,2,1
453,1,52,1,14000,2,1,1,6,1,2,1
679,2,52,1,14000,1,1,1,2,1,2,1
756,1,52,1,16000,2,2,2,6,1,2,1
272,1,52,1,25000,1,2,1,1,1,2,1
1083,1,52,1,28000,1,2,1,1,1,2,1
1784,1,52,1,28000,1,1,2,1,1,2,2
1264,2,52,1,42000,1,1,1,1,1,2,1
910,2,53,1,10000,1,2,2,4,1,2,2
969,1,53,1,10000,1,1,1,4,1,2,2
2077,1,53,1,12000,1,2,2,1,1,2,1
1797,1,53,1,23000,1,2,1,6,1,2,1
628,1,53,1,48000,1,1,1,5,1,2,1
989,1,54,1,8400,1,1,1,4,1,2,1
2028,2,54,1,10000,1,1,1,1,1,2,2
1664,2,54,1,14000,1,1,1,4,1,2,1
2081,1,54,1,16000,2,1,1,2,1,2,1
1693,2,54,1,48000,2,2,1,1,1,2,1
1072,1,55,1,6000,2,2,1,4,1,2,2
478,1,55,1,7200,1,2,1,4,1,2,1
131,1,55,1,11000,1,1,1,1,1,2,2
1942,1,55,1,12000,1,1,2,2,1,2,1
1839,2,55,1,13500,1,2,1,4,1,2,1
521,2,55,1,16000,2,2,1,4,1,2,1
1451,2,55,1,60000,1,1,1,6,1,2,2
1728,2,55,1,60000,1,1,1,1,1,2,1
1547,1,56,1,34800,1,2,1,2,1,2,1
1352,1,56,1,40000,1,1,1,1,1,2,1
918,1,57,1,10000,1,1,1,1,1,2,1
1210,1,57,1,15000,1,2,1,2,1,2,1
1651,1,57,1,17000,1,2,2,1,1,2,2
1247,2,57,1,20000,1,2,1,4,1,2,1
443,2,57,1,40000,1,2,1,4,1,2,1
1146,1,58,1,5000,1,1,1,3,1,2,2
442,2,58,1,6000,2,1,1,8,1,2,2
2023,1,58,1,6000,1,1,1,1,1,2,1
1882,1,58,1,12000,1,1,1,1,1,2,1
1945,1,58,1,40000,1,2,1,4,1,2,2
833,2,58,1,52000,1,1,1,1,1,2,2
803,2,58,1,64000,1,1,2,4,1,2,1
798,2,59,1,12000,1,2,1,4,1,2,2
1110,2,59,1,12000,1,1,1,8,1,2,2
1019,1,59,1,22000,1,2,1,4,1,2,1
438,1,59,1,30000,1,2,1,2,1,2,2
311,1,59,1,40000,1,2,1,1,1,2,1
1492,1,60,1,10720,1,2,1,2,1,2,1
1430,1,60,1,20000,2,1,1,6,1,2,2
2064,1,60,1,24800,2,2,1,1,1,2,1
875,1,60,1,30000,1,1,1,6,1,2,2
1844,1,61,1,8400,1,1,2,2,1,2,2
1398,2,61,1,10000,1,1,1,6,1,2,1
1838,1,61,1,14000,2,2,1,4,1,2,2
1268,1,61,1,22400,1,2,1,3,1,2,1
1950,1,62,1,7000,1,2,2,3,1,2,1
1695,2,62,1,12000,2,2,1,6,1,2,2
1323,2,62,1,13000,1,1,2,2,1,2,2
1524,1,62,1,24000,1,1,1,1,1,2,2
1871,1,62,1,32000,1,2,1,4,1,2,1
323,1,63,1,9000,1,2,1,6,1,2,1
1267,1,63,1,18000,2,1,2,1,1,2,1
1139,1,63,1,44000,1,1,1,4,1,2,2
567,1,64,1,5600,2,1,1,3,1,2,1
1282,1,64,1,6800,1,2,2,4,1,2,2
1970,1,64,1,8000,1,1,1,1,1,2,1
633,1,64,1,10000,2,2,2,7,1,2,2
1042,2,64,1,11600,1,1,1,4,1,2,2
1763,2,64,1,15000,2,1,1,8,1,2,1
1709,1,64,1,24000,1,1,1,5,1,2,1
936,1,64,1,48000,1,2,1,1,1,2,2
1885,1,65,1,8272,1,2,1,1,1,2,2
1215,1,65,1,60000,1,1,1,6,1,2,2
973,2,66,1,4800,2,2,1,1,1,2,2
2047,2,66,1,5000,1,1,1,6,1,2,2
1371,1,66,1,10000,1,1,1,1,1,2,1
1390,1,67,1,12000,1,1,1,1,1,2,2
1582,1,67,1,15000,1,2,1,6,1,2,2
1014,1,68,1,40000,1,1,1,6,1,2,1
1618,1,68,1,52000,1,1,1,4,1,2,2
1971,2,69,1,7200,1,2,1,4,1,2,2
1631,1,70,1,20000,1,1,1,6,1,2,2
1691,1,70,1,28000,1,2,1,6,1,2,2
284,1,70,1,60000,2,1,1,6,1,2,1
1914,2,70,1,60000,1,1,1,1,1,2,1
306,1,71,1,16000,2,1,1,6,1,2,1
1540,1,71,1,19200,1,1,2,6,1,2,1
1819,2,71,1,30000,1,2,1,1,1,2,2
755,2,72,1,7500,1,2,2,1,1,2,2
1364,1,72,1,8000,1,1,1,3,1,2,1
653,1,72,1,8400,1,2,2,4,1,2,2
1729,1,72,1,8800,1,2,1,6,1,2,1
1623,1,72,1,12000,1,2,2,4,1,2,1
962,1,72,1,24000,1,2,1,1,1,2,2
1959,2,72,1,48000,1,1,1,4,1,2,1
1056,1,73,1,8000,1,2,1,1,1,2,2
1123,2,73,1,14000,2,1,2,8,1,2,1
231,1,73,1,16000,1,2,1,2,1,2,1
197,1,73,1,24000,2,2,1,5,1,2,1
1089,2,73,1,24000,1,1,2,1,1,2,2
1200,1,73,1,40000,1,2,1,8,1,2,1
1765,1,74,1,15000,1,1,1,4,1,2,1
1807,2,74,1,16000,1,1,1,1,1,2,2
948,1,75,1,5000,1,1,1,4,1,2,2
1070,1,75,1,8000,2,1,1,6,1,2,2
1601,2,75,1,8000,2,1,1,6,1,2,2
1788,2,75,1,44000,1,2,1,2,1,2,2
1108,1,76,1,6000,2,1,1,6,1,2,1
1722,2,76,1,20000,1,1,1,4,1,2,2
2032,1,77,1,12000,1,2,2,2,1,2,2
703,2,77,1,30000,2,2,1,4,1,2,1
1868,1,78,1,9000,1,2,1,4,1,2,1
1674,2,78,1,10000,1,2,2,4,1,2,1
1006,1,79,1,6000,1,2,1,8,1,2,2
858,2,80,1,5600,1,1,2,4,1,2,1
1253,1,80,1,7200,2,1,1,3,1,2,2
911,2,80,1,30000,1,1,1,6,1,2,2
1490,2,83,1,8000,2,2,1,6,1,2,2
2014,2,85,1,20000,1,1,1,7,1,2,2
1555,1,88,1,8000,2,2,2,1,1,2,2
1225,1,20,2,5000,2,1,1,6,1,2,2
1158,1,20,2,14000,1,2,1,8,1,2,1
873,1,23,2,6000,1,1,1,6,1,2,2
1052,2,24,2,12000,2,1,2,1,1,2,2
1628,1,24,2,50000,1,2,1,6,1,2,1
1246,1,26,2,7200,2,1,2,4,1,2,1
1311,2,26,2,24000,1,1,1,1,1,2,1
893,2,27,2,13000,2,1,1,3,1,2,2
1297,2,28,2,16000,2,1,1,2,1,2,2
1610,1,28,2,26000,1,1,2,4,1,2,1
1315,1,29,2,7200,1,2,1,4,1,2,2
1018,1,29,2,10000,1,1,1,1,1,2,2
1298,1,29,2,14000,1,1,1,2,1,2,2
1781,1,30,2,5000,1,1,2,1,1,2,1
773,2,30,2,8000,1,2,1,1,1,2,2
837,1,31,2,8000,2,1,1,3,1,2,1
300,1,31,2,10000,2,1,2,3,1,2,1
1283,1,31,2,26000,1,2,1,1,1,2,1
1129,1,32,2,6000,2,2,1,4,1,2,1
1778,2,32,2,10000,2,1,1,4,1,2,1
793,1,32,2,16000,1,1,1,6,1,2,1
548,2,33,2,7000,1,1,1,6,1,2,2
1548,2,33,2,8000,2,1,1,6,1,2,1
298,2,33,2,16000,1,2,2,3,1,2,1
1168,1,35,2,14000,2,1,1,1,1,2,1
2055,1,36,2,6000,2,1,1,2,1,2,1
1985,1,36,2,10000,1,2,1,8,1,2,2
1706,1,36,2,18000,2,1,2,2,1,2,1
1583,1,36,2,48000,1,2,1,6,1,2,2
1663,1,37,2,7000,1,2,1,2,1,2,2
1738,2,37,2,12000,1,2,1,1,1,2,1
5,2,37,2,14400,2,2,2,8,1,2,2
344,1,37,2,48000,1,2,1,8,1,2,1
1266,1,38,2,6800,1,2,1,4,1,2,1
360,1,39,2,40000,2,1,2,8,1,2,1
1770,1,40,2,6400,1,1,2,8,1,2,2
1717,1,41,2,6000,1,1,1,8,1,2,1
673,2,41,2,9200,1,1,2,4,1,2,1
316,2,42,2,34000,1,1,1,1,1,2,2
928,1,42,2,34000,2,2,1,1,1,2,2
781,1,43,2,15000,2,1,1,4,1,2,1
980,1,43,2,15600,1,1,1,4,1,2,2
1188,1,43,2,24000,1,2,1,4,1,2,2
210,1,43,2,48000,2,1,1,1,1,2,1
458,1,44,2,12000,2,2,2,1,1,2,1
838,1,44,2,12000,1,1,1,3,1,2,2
2061,2,44,2,14000,1,1,1,6,1,2,1
1128,1,44,2,33600,1,2,1,1,1,2,2
551,1,45,2,8000,1,1,1,8,1,2,1
1173,1,45,2,10000,2,2,1,6,1,2,2
779,2,45,2,29200,1,2,1,4,1,2,2
650,1,45,2,34000,2,2,1,1,1,2,1
1992,1,46,2,6000,2,1,1,4,1,2,1
1263,2,46,2,40000,1,2,1,4,1,2,1
317,2,47,2,8000,2,1,1,6,1,2,2
1394,1,47,2,12000,2,2,2,4,1,2,1
1848,1,47,2,12000,1,1,1,6,1,2,1
1388,1,47,2,24000,1,1,1,1,1,2,1
1619,2,47,2,24000,2,1,1,4,1,2,1
1707,1,48,2,15200,1,1,1,2,1,2,1
700,2,49,2,12000,2,2,1,2,1,2,1
1939,1,50,2,7200,2,1,1,6,1,2,1
1270,2,50,2,10000,1,1,1,4,1,2,2
1791,1,50,2,24000,1,1,1,4,1,2,1
281,1,50,2,28000,1,2,1,6,1,2,1
1716,1,52,2,5200,1,2,2,8,1,2,1
1896,2,52,2,10000,2,1,1,1,1,2,1
1203,1,52,2,28000,2,2,1,1,1,2,1
254,1,54,2,15200,1,2,1,8,1,2,1
61,1,54,2,60000,1,2,1,1,1,2,1
498,2,56,2,5000,1,1,1,4,1,2,1
125,1,56,2,8000,2,1,1,4,1,2,2
1134,1,56,2,14000,1,2,1,4,1,2,2
1543,2,56,2,24000,1,1,1,4,1,2,1
1746,2,57,2,30000,2,1,1,4,1,2,1
926,2,58,2,7600,1,2,2,1,1,2,1
356,1,58,2,45000,1,2,1,4,1,2,1
168,1,59,2,6000,2,2,1,1,1,2,2
996,1,59,2,6000,2,1,1,1,1,2,2
1796,1,59,2,6800,1,2,2,2,1,2,1
1182,1,60,2,16000,1,2,1,6,1,2,2
1794,2,60,2,28000,1,1,1,2,1,2,2
907,2,61,2,48000,2,2,2,1,1,2,1
534,1,61,2,56000,1,1,1,8,1,2,1
970,2,63,2,6800,1,2,1,1,1,2,1
1011,2,64,2,7000,1,1,2,3,1,2,2
1862,2,64,2,7000,1,1,1,1,1,2,1
127,2,64,2,7200,1,1,2,2,1,2,1
1048,1,64,2,48000,1,2,1,6,1,2,1
1660,2,65,2,8400,1,1,2,4,1,2,1
1153,1,65,2,32000,2,1,1,4,1,2,1
641,1,65,2,40000,1,2,2,1,1,2,1
514,2,67,2,8000,1,1,1,4,1,2,2
524,2,67,2,12000,2,2,1,8,1,2,1
1607,1,69,2,60000,1,1,1,4,1,2,2
155,1,71,2,4800,1,2,1,6,1,2,2
614,1,71,2,10000,2,1,1,4,1,2,2
2073,2,71,2,30000,1,1,2,1,1,2,1
916,2,72,2,8000,2,1,1,6,1,2,2
2051,1,73,2,8400,1,1,1,2,1,2,1
503,2,74,2,24000,1,2,1,8,1,2,2
591,1,74,2,48000,2,1,1,4,1,2,1
955,1,75,2,52000,1,2,1,1,1,2,2
1926,1,76,2,13600,1,1,1,8,1,2,2
1058,2,81,2,10000,1,1,1,6,1,2,1
466,2,82,2,15000,1,1,1,5,1,2,1
885,1,24,3,20000,2,1,2,6,1,2,2
1205,2,24,3,60000,1,2,2,1,1,2,1
1222,1,26,3,12000,1,2,1,3,1,2,1
188,1,27,3,4800,2,2,1,8,1,2,2
1204,2,27,3,20000,2,2,1,4,1,2,2
1872,2,28,3,6000,2,2,1,1,1,2,2
617,1,28,3,13200,1,2,1,4,1,2,2
1239,1,28,3,56000,1,2,1,1,1,2,2
895,2,29,3,8000,1,2,1,2,1,2,2
1637,1,29,3,28000,1,1,1,1,1,2,2
427,2,30,3,12000,1,1,1,2,1,2,2
854,2,30,3,40000,1,2,1,4,1,2,2
1910,2,30,3,45000,1,2,1,6,1,2,1
710,1,31,3,16000,1,2,1,1,1,2,1
1295,2,31,3,20000,1,2,1,4,1,2,1
184,1,31,3,24000,2,2,1,4,1,2,2
1084,2,31,3,42000,1,1,1,5,1,2,2
1478,2,32,3,10000,2,2,1,1,1,2,1
133,2,33,3,14000,1,1,1,4,1,2,1
268,1,33,3,36000,2,1,1,1,1,2,2
764,2,33,3,48000,2,2,1,8,1,2,1
1143,2,34,3,8000,1,1,2,4,1,2,1
819,2,35,3,6000,1,1,1,4,1,2,2
1224,2,36,3,12000,2,1,1,1,1,2,2
939,1,36,3,40000,2,2,1,1,1,2,2
872,2,37,3,5000,2,1,1,1,1,2,1
1471,1,37,3,10000,1,1,1,4,1,2,1
371,1,37,3,14000,1,1,1,1,1,2,2
1413,1,37,3,14400,1,2,1,1,1,2,1
450,1,38,3,8000,1,2,1,6,1,2,1
1,1,38,3,14000,1,1,2,4,1,2,2
891,1,39,3,4800,1,1,2,1,1,2,1
1425,2,39,3,8000,1,2,1,4,1,2,2
985,1,39,3,10000,1,1,1,4,1,2,1
1701,1,39,3,14000,1,2,1,5,1,2,2
736,2,39,3,24000,2,2,1,4,1,2,1
382,1,40,3,8000,2,2,1,2,1,2,1
1086,2,40,3,15000,1,2,2,1,1,2,2
381,1,41,3,4800,2,1,1,6,1,2,1
1905,2,42,3,6000,1,1,2,1,1,2,1
762,1,42,3,8000,2,2,1,2,1,2,1
1416,2,42,3,18400,1,2,1,2,1,2,2
886,2,42,3,20000,2,2,2,1,1,2,1
1421,2,42,3,30000,2,2,1,2,1,2,2
594,2,43,3,8000,2,1,1,4,1,2,1
740,2,43,3,8840,1,2,1,1,1,2,2
1271,1,43,3,15000,1,1,2,4,1,2,2
1370,1,43,3,20000,1,1,1,1,1,2,1
557,1,43,3,25600,2,1,1,6,1,2,1
863,1,43,3,32000,1,2,1,4,1,2,2
956,2,44,3,44000,1,2,1,1,1,2,1
1539,2,45,3,5000,1,2,2,4,1,2,1
195,2,45,3,7400,1,2,1,6,1,2,1
352,1,47,3,12000,1,2,1,3,1,2,2
607,2,47,3,13000,2,2,1,1,1,2,1
1777,1,47,3,20000,1,2,1,3,1,2,1
96,1,48,3,12800,1,2,1,6,1,2,2
378,1,49,3,8000,2,2,2,1,1,2,1
1336,2,49,3,13200,2,1,1,3,1,2,2
2054,1,49,3,20000,1,2,1,1,1,2,2
144,1,49,3,24000,1,2,2,2,1,2,1
305,2,50,3,11200,1,1,1,4,1,2,2
44,2,50,3,64000,1,2,1,4,1,2,1
990,2,51,3,32000,1,2,1,6,1,2,1
795,1,52,3,5600,1,1,1,2,1,2,1
1804,1,52,3,9600,2,1,2,4,1,2,2
1670,1,52,3,12000,1,2,1,4,1,2,1
1799,1,52,3,14000,1,1,1,1,1,2,2
1036,1,53,3,10000,1,2,2,1,1,2,1
2052,1,53,3,10000,1,2,1,5,1,2,2
1396,1,54,3,8000,1,1,1,4,1,2,1
1772,1,55,3,24000,1,2,1,4,1,2,1
958,1,55,3,28000,2,1,1,4,1,2,1
971,1,56,3,22800,1,2,1,2,1,2,1
1464,1,56,3,40000,1,1,1,4,1,2,2
554,1,58,3,6000,2,2,1,1,1,2,1
1159,1,59,3,32000,1,2,1,2,1,2,2
1892,1,60,3,8000,2,2,1,6,1,2,2
1911,2,60,3,8800,1,2,1,1,1,2,2
265,2,61,3,28000,1,2,2,4,1,2,1
233,1,64,3,10000,1,1,1,1,1,2,2
1820,1,69,3,8000,2,2,1,4,1,2,2
1407,1,69,3,9600,1,1,1,8,1,2,2
1302,1,70,3,6400,2,2,1,2,1,2,1
1294,1,73,3,14000,1,2,1,1,1,2,1
290,2,73,3,26000,1,1,2,1,1,2,2
1594,1,75,3,5000,2,1,1,1,1,2,1
558,1,83,3,4600,1,2,1,1,1,2,1
1949,1,31,4,24000,1,1,1,4,1,2,2
902,1,34,4,8000,2,1,1,4,1,2,1
1554,1,35,4,6000,2,1,1,1,1,2,2
1372,1,36,4,40000,2,1,1,1,1,2,1
1936,1,38,4,20000,1,2,2,8,1,2,2
1537,2,44,4,16000,1,2,1,6,1,2,1
1103,1,48,4,40000,1,2,1,1,1,2,1
1013,1,49,4,6400,2,2,2,6,1,2,2
999,1,49,4,17000,1,2,1,3,1,2,1
1426,2,54,4,16000,2,2,1,1,1,2,1
1359,2,59,4,5300,1,1,1,8,1,2,2
523,2,62,4,20000,1,1,1,1,1,2,1
908,1,62,4,25000,2,1,2,4,1,2,2
578,1,70,4,4800,2,2,1,4,1,2,2
351,1,38,2,12000,2,2,2,1,0,1,1
758,2,72,1,14000,2,1,1,4,3,1,1
1682,1,26,2,32000,2,1,1,1,3,1,1
1591,2,42,2,5000,1,1,1,4,3,1,2
593,2,33,3,8000,2,2,1,6,3,1,2
15,1,25,0,24000,1,2,1,6,2,1,2
77,2,26,0,5000,2,2,2,1,2,1,1
19,2,37,0,8000,2,1,1,1,2,1,2
103,1,44,0,32000,1,2,2,2,2,1,1
1696,1,56,0,8000,1,1,1,4,2,1,1
288,2,64,0,6000,2,1,1,6,2,1,1
1012,2,66,0,12000,1,2,2,4,2,1,2
986,2,70,0,7200,1,2,1,2,2,1,1
1826,2,70,0,14000,1,2,1,5,2,1,2
864,2,75,0,10000,2,2,1,8,2,1,2
181,2,24,1,10000,2,2,2,4,2,1,1
1636,2,27,1,15000,1,2,2,1,2,1,2
1816,2,28,1,5400,2,1,1,7,2,1,1
1734,1,28,1,32000,1,1,2,4,2,1,2
1236,1,33,1,6000,2,2,1,6,2,1,1
1724,2,33,1,23200,1,2,1,1,2,1,2
1033,2,35,1,48000,1,2,1,1,2,1,2
457,1,36,1,24000,1,2,1,4,2,1,1
1978,1,38,1,6800,1,2,2,2,2,1,2
472,1,40,1,7200,1,2,1,4,2,1,2
1181,2,40,1,36000,1,2,1,4,2,1,1
448,1,40,1,48000,1,2,1,6,2,1,2
1292,1,46,1,22400,2,2,1,6,2,1,1
1917,1,50,1,14000,2,1,1,2,2,1,1
189,1,50,1,20000,1,2,1,1,2,1,2
1049,2,50,1,20000,2,2,1,3,2,1,2
799,1,51,1,12000,1,1,2,4,2,1,1
1395,1,52,1,6000,1,1,1,1,2,1,1
1953,1,52,1,20000,2,2,1,1,2,1,1
1329,2,52,1,32000,2,1,1,6,2,1,1
1300,2,53,1,40000,1,2,1,1,2,1,1
1960,2,54,1,18000,1,2,1,6,2,1,2
1567,1,55,1,24000,2,2,1,6,2,1,2
1553,1,56,1,10000,1,2,1,1,2,1,1
1045,2,59,1,40000,2,1,1,1,2,1,1
1459,2,64,1,56000,1,2,2,3,2,1,1
1652,2,65,1,11400,1,2,2,6,2,1,1
193,1,66,1,4700,2,1,1,6,2,1,2
310,1,67,1,6400,1,2,1,4,2,1,2
213,2,67,1,32000,1,2,2,4,2,1,1
1187,1,69,1,36000,1,2,2,1,2,1,1
1152,2,70,1,12000,2,1,2,6,2,1,2
571,1,71,1,9600,1,2,2,8,2,1,1
707,1,72,1,19800,1,1,1,8,2,1,2
692,2,80,1,7200,1,2,2,7,2,1,1
1456,2,81,1,5000,2,1,1,2,2,1,1
2063,1,26,2,12000,1,1,1,1,2,1,1
842,1,29,2,48000,1,1,1,6,2,1,1
1668,1,30,2,36000,2,1,1,1,2,1,2
560,1,34,2,7000,1,2,1,6,2,1,1
1069,2,35,2,13000,1,2,1,4,2,1,2
1710,2,35,2,15000,2,1,1,1,2,1,2
590,2,36,2,48000,1,2,2,1,2,1,2
967,2,37,2,10600,1,2,1,1,2,1,1
1764,2,38,2,7000,2,1,1,2,2,1,2
1020,2,40,2,8000,1,1,1,3,2,1,2
622,1,42,2,8000,2,2,1,2,2,1,1
1463,2,44,2,20000,1,1,1,6,2,1,2
1944,1,45,2,6000,1,2,1,6,2,1,1
1105,1,45,2,10400,1,1,1,1,2,1,2
1542,1,49,2,9600,1,1,2,1,2,1,2
1016,1,49,2,50000,1,1,1,1,2,1,1
1572,1,52,2,16000,1,1,2,1,2,1,1
362,1,55,2,4800,2,2,2,1,2,1,1
1620,1,55,2,8000,1,1,1,8,2,1,1
709,2,70,2,6800,1,1,1,8,2,1,1
196,1,71,2,6800,1,1,1,4,2,1,1
912,1,71,2,20000,1,2,1,4,2,1,1
892,2,33,3,8000,2,1,2,1,2,1,1
1044,1,35,3,6400,1,2,1,6,2,1,1
1414,1,38,3,7200,1,1,1,1,2,1,2
760,2,50,3,15200,1,1,1,1,2,1,2
582,1,68,3,28000,1,2,1,4,2,1,1
12,2,23,0,10400,2,2,1,7,1,1,2
43,2,56,0,52000,1,2,1,3,1,1,1
3,2,22,0,6000,1,1,1,1,1,1,2
59,1,56,0,8000,2,2,1,2,1,1,2
64,2,39,0,40000,1,2,1,1,1,1,2
66,2,22,0,8000,2,1,1,6,1,1,1
10,1,23,0,8000,2,2,1,8,1,1,1
76,2,25,0,40000,1,1,1,4,1,1,2
598,1,26,0,48000,1,2,1,6,1,1,2
25,2,34,0,10000,1,2,1,4,1,1,1
2,2,35,0,12000,1,2,1,4,1,1,1
16,2,38,0,32000,1,2,1,1,1,1,2
35,2,42,0,8000,2,2,2,1,1,1,1
54,2,42,0,11000,2,2,1,4,1,1,1
1690,1,45,0,6000,2,2,1,4,1,1,2
255,1,46,0,48000,1,2,1,4,1,1,1
126,2,49,0,30000,1,2,1,1,1,1,1
81,2,49,0,32000,1,2,1,2,1,1,2
62,2,50,0,25000,2,1,1,6,1,1,1
95,2,56,0,9600,1,2,1,4,1,1,2
727,2,57,0,7200,1,2,1,1,1,1,2
818,2,58,0,60000,2,2,2,1,1,1,1
79,2,63,0,5000,1,2,2,4,1,1,2
1941,1,64,0,7000,1,1,1,6,1,1,2
1299,1,65,0,26000,1,1,1,1,1,1,1
57,2,67,0,27000,1,1,2,8,1,1,2
1621,2,69,0,12000,2,2,1,1,1,1,2
1821,1,71,0,10000,1,1,1,4,1,1,2
116,2,71,0,24000,2,1,1,2,1,1,1
984,2,78,0,24000,1,1,1,8,1,1,1
705,1,80,0,40000,2,2,2,1,1,1,1
1277,2,83,0,5500,1,2,2,4,1,1,2
1934,2,87,0,20000,2,1,1,8,1,1,2
376,2,88,0,22400,1,1,1,8,1,1,2
1444,1,23,1,8000,1,2,1,6,1,1,1
1800,1,17,1,4600,2,1,1,6,1,1,1
780,1,21,1,8000,2,2,1,4,1,1,1
935,1,21,1,9000,1,2,1,6,1,1,2
804,2,23,1,17200,2,1,1,4,1,1,2
1927,1,24,1,6000,2,2,1,4,1,1,1
1369,1,24,1,8000,2,2,1,1,1,1,1
1667,2,24,1,10000,2,1,1,1,1,1,1
1907,1,24,1,60000,1,2,1,1,1,1,1
827,2,25,1,9000,1,1,1,3,1,1,1
364,2,25,1,48000,1,2,2,1,1,1,1
1363,2,27,1,8000,2,2,1,6,1,1,1
1859,2,27,1,34000,1,1,1,4,1,1,1
1964,2,27,1,48000,2,1,1,1,1,1,2
1091,1,27,1,52000,1,2,1,4,1,1,1
1362,1,28,1,32000,1,2,1,4,1,1,2
332,1,30,1,6800,1,2,1,1,1,1,2
2033,1,30,1,16000,1,2,1,6,1,1,2
1657,1,30,1,24000,2,1,1,4,1,1,1
1526,1,31,1,8000,2,2,1,1,1,1,2
1867,1,32,1,8000,2,1,1,4,1,1,1
2024,1,32,1,8000,1,1,1,8,1,1,1
563,2,32,1,20000,2,2,1,4,1,1,1
509,1,33,1,12000,1,1,1,6,1,1,1
945,1,33,1,60000,2,2,1,6,1,1,2
1733,1,34,1,12000,1,2,1,1,1,1,1
2011,1,35,1,20000,1,2,1,1,1,1,1
845,1,35,1,30000,1,1,2,4,1,1,2
1803,2,35,1,48000,1,1,1,4,1,1,2
270,1,36,1,4800,1,1,1,1,1,1,2
67,1,36,1,7200,2,2,1,1,1,1,2
556,1,36,1,7500,2,2,1,4,1,1,1
512,1,37,1,10000,1,2,1,1,1,1,2
163,1,38,1,15200,1,1,1,1,1,1,2
1817,1,38,1,16000,1,1,1,8,1,1,1
1389,1,39,1,5600,1,1,1,1,1,1,1
811,2,39,1,16000,1,1,1,4,1,1,2
992,1,39,1,26800,1,2,1,4,1,1,2
1092,2,40,1,8000,2,2,2,8,1,1,1
1863,1,40,1,9000,1,2,2,3,1,1,1
391,2,41,1,6800,1,2,1,8,1,1,1
581,1,41,1,10400,1,1,1,4,1,1,1
1057,2,41,1,10800,1,2,1,1,1,1,1
1422,2,42,1,36000,1,1,2,1,1,1,1
1793,1,43,1,7200,1,2,1,4,1,1,1
654,1,43,1,8000,2,2,2,3,1,1,2
638,1,43,1,22696,1,2,2,6,1,1,1
287,1,44,1,6400,1,2,1,1,1,1,1
1244,2,44,1,20000,1,1,1,1,1,1,2
411,2,45,1,8400,1,1,1,4,1,1,2
1357,1,45,1,15200,1,2,1,2,1,1,1
974,1,45,1,24000,1,1,2,4,1,1,2
304,1,46,1,10800,1,2,1,6,1,1,2
1314,2,46,1,12000,2,2,2,6,1,1,2
1774,2,46,1,60000,2,1,1,4,1,1,1
2053,2,47,1,8000,2,1,1,8,1,1,2
1512,1,47,1,60000,1,2,1,8,1,1,2
1876,1,48,1,7200,1,2,1,4,1,1,2
1931,1,48,1,8000,1,1,1,6,1,1,1
826,2,48,1,12800,1,2,1,1,1,1,1
297,1,49,1,7200,1,2,1,5,1,1,1
517,2,49,1,8000,2,2,1,8,1,1,2
988,1,49,1,12000,2,2,1,6,1,1,2
900,2,49,1,48000,1,2,1,4,1,1,2
1217,2,50,1,4800,2,2,1,6,1,1,1
609,1,50,1,20000,1,2,1,1,1,1,2
1677,1,50,1,26000,2,1,1,6,1,1,1
635,2,50,1,32000,1,2,1,2,1,1,1
1731,1,50,1,55000,1,2,1,4,1,1,2
500,1,51,1,12000,2,2,1,2,1,1,2
625,1,51,1,12000,1,1,1,1,1,1,2
743,2,51,1,12000,2,1,1,6,1,1,2
329,1,52,1,5000,2,1,1,4,1,1,1
1455,1,52,1,6000,1,2,1,6,1,1,2
314,2,52,1,9200,2,1,1,3,1,1,1
706,2,52,1,10000,1,1,1,4,1,1,1
1411,1,52,1,10000,1,2,1,4,1,1,2
161,1,52,1,14000,1,1,2,1,1,1,2
689,1,52,1,18000,1,2,2,1,1,1,1
857,2,52,1,34000,2,1,1,4,1,1,1
1053,1,52,1,48000,1,2,1,6,1,1,1
528,2,52,1,60000,1,2,1,1,1,1,1
1873,1,53,1,6000,2,2,1,1,1,1,1
1219,1,53,1,14800,1,2,1,1,1,1,1
110,1,53,1,32000,1,1,1,2,1,1,1
257,2,53,1,48000,1,2,1,1,1,1,2
832,2,54,1,10400,1,2,1,4,1,1,2
570,2,54,1,13600,1,1,1,4,1,1,1
1697,1,54,1,32000,1,1,1,4,1,1,2
1310,1,55,1,8000,1,1,1,1,1,1,1
747,1,55,1,8800,1,1,2,2,1,1,1
1566,1,55,1,12000,1,2,1,1,1,1,2
993,1,55,1,20000,1,2,2,6,1,1,1
1997,2,55,1,56000,1,1,1,1,1,1,1
1685,2,56,1,6000,1,1,1,4,1,1,1
532,1,56,1,7000,1,2,1,6,1,1,1
207,1,56,1,8000,1,2,1,6,1,1,1
657,2,56,1,8000,1,1,1,4,1,1,2
1073,2,56,1,8000,2,1,1,4,1,1,2
2078,1,56,1,8000,1,2,1,8,1,1,2
1920,2,56,1,12000,1,1,1,4,1,1,2
2017,1,56,1,16000,1,2,1,4,1,1,1
2021,1,56,1,24000,1,1,1,8,1,1,1
634,2,56,1,60000,1,2,1,1,1,1,1
1101,2,57,1,5600,1,1,2,1,1,1,2
470,1,57,1,6000,1,2,1,1,1,1,2
814,2,57,1,9600,1,1,1,1,1,1,1
733,1,57,1,12000,1,2,1,3,1,1,2
1835,1,57,1,28000,1,2,1,4,1,1,1
1538,1,57,1,32000,2,1,1,1,1,1,2
659,1,58,1,6000,1,2,1,4,1,1,2
801,1,58,1,10000,2,1,2,8,1,1,1
175,1,58,1,12000,2,1,1,6,1,1,1
841,1,59,1,6000,2,1,1,4,1,1,1
1111,1,59,1,20000,2,2,2,1,1,1,1
511,1,60,1,4800,1,1,2,6,1,1,2
1237,1,60,1,7000,1,1,2,4,1,1,2
1730,1,60,1,7200,1,2,1,4,1,1,2
536,1,60,1,8000,2,2,1,4,1,1,2
1676,1,60,1,12000,1,2,1,1,1,1,2
944,1,60,1,20000,1,1,1,2,1,1,2
1659,2,61,1,9000,1,2,2,4,1,1,1
1850,1,62,1,6000,1,1,1,1,1,1,1
433,2,62,1,9600,1,1,1,4,1,1,1
951,1,62,1,12000,1,1,1,4,1,1,2
579,1,62,1,22000,1,1,1,4,1,1,2
1661,2,62,1,32000,1,2,1,1,1,1,1
2022,2,63,1,15100,1,1,1,6,1,1,1
1521,2,63,1,20000,2,1,1,8,1,1,1
1180,1,64,1,15200,1,1,2,2,1,1,1
1332,1,64,1,24000,1,2,2,4,1,1,2
1596,1,65,1,13000,1,1,1,1,1,1,1
2048,1,65,1,20000,1,1,1,6,1,1,1
307,1,66,1,9600,1,2,1,1,1,1,2
2036,1,66,1,48000,1,1,1,6,1,1,2
680,2,67,1,7000,1,2,1,7,1,1,2
714,1,67,1,8000,1,2,1,4,1,1,2
221,1,67,1,28000,2,1,2,1,1,1,1
901,1,68,1,7200,2,1,1,1,1,1,1
112,1,68,1,10800,1,2,2,1,1,1,2
1531,1,68,1,24000,1,1,1,1,1,1,2
2039,1,68,1,40000,1,2,1,4,1,1,1
1649,2,69,1,8000,2,1,1,3,1,1,2
642,1,69,1,14000,1,2,1,3,1,1,2
1723,2,69,1,30000,1,1,1,4,1,1,1
817,2,70,1,30000,1,1,2,1,1,1,2
952,2,71,1,6000,2,1,1,1,1,1,2
1629,2,71,1,60000,1,2,1,8,1,1,2
235,2,72,1,6000,2,1,2,2,1,1,2
576,1,72,1,6000,2,2,1,1,1,1,1
937,2,72,1,14000,1,2,1,4,1,1,1
115,1,72,1,16000,2,2,1,6,1,1,2
1177,1,72,1,16000,1,2,1,1,1,1,1
1000,2,72,1,18000,1,2,1,6,1,1,1
1845,2,72,1,43200,1,2,2,4,1,1,2
380,1,73,1,36000,2,2,1,6,1,1,1
977,1,75,1,12000,1,1,1,2,1,1,1
335,2,76,1,10000,1,2,1,6,1,1,2
285,2,76,1,12000,2,2,1,4,1,1,1
1003,2,77,1,20000,2,1,1,1,1,1,1
1969,2,78,1,7000,2,1,1,2,1,1,2
461,1,78,1,8000,1,2,1,8,1,1,1
1287,2,78,1,10000,1,2,1,6,1,1,2
139,1,78,1,20000,2,2,1,6,1,1,2
336,2,79,1,6000,1,2,1,3,1,1,1
1767,2,79,1,36000,1,2,2,1,1,1,1
130,2,80,1,6000,2,1,1,4,1,1,1
224,2,82,1,4600,1,1,1,1,1,1,2
1600,1,84,1,6800,1,1,1,4,1,1,2
1241,2,96,1,24400,1,2,1,4,1,1,2
1216,1,31,2,8000,1,2,1,1,1,1,2
1841,2,23,2,5000,1,1,1,8,1,1,1
574,1,23,2,8000,1,1,2,1,1,1,2
2080,1,24,2,12000,1,2,1,6,1,1,1
1991,1,24,2,12800,1,2,2,1,1,1,2
1514,1,27,2,8000,2,2,1,4,1,1,2
1166,1,29,2,24000,1,2,1,2,1,1,2
1798,1,30,2,46800,1,2,1,1,1,1,1
1401,1,31,2,5000,1,1,1,1,1,1,1
868,1,31,2,48000,1,1,1,4,1,1,2
1768,1,32,2,7000,1,2,1,1,1,1,2
1916,2,32,2,12000,2,2,1,6,1,1,2
966,1,32,2,32000,2,2,1,4,1,1,1
1687,1,32,2,32000,2,1,1,4,1,1,2
1928,2,33,2,12000,1,2,1,6,1,1,1
1587,1,34,2,12000,1,2,1,1,1,1,1
1381,1,34,2,18000,1,2,1,4,1,1,2
2034,1,34,2,24000,1,1,1,8,1,1,1
1345,2,35,2,40000,1,2,2,1,1,1,2
1973,1,36,2,7200,2,1,1,5,1,1,1
1402,2,37,2,14000,1,1,2,1,1,1,2
809,1,38,2,20000,2,1,2,4,1,1,1
920,1,38,2,38000,1,1,1,4,1,1,1
410,1,39,2,8000,1,2,2,7,1,1,2
1830,1,39,2,9000,1,1,1,4,1,1,1
451,2,39,2,24000,1,1,1,1,1,1,1
1412,2,40,2,8000,1,1,1,6,1,1,1
303,1,40,2,40000,1,1,1,6,1,1,1
587,2,40,2,40000,1,2,1,6,1,1,2
880,1,42,2,28000,1,2,1,1,1,1,1
1643,1,43,2,5000,1,1,2,1,1,1,1
2005,1,44,2,60000,1,2,1,6,1,1,1
1586,1,45,2,32000,1,1,1,8,1,1,1
232,1,47,2,6000,2,2,2,4,1,1,2
1597,2,47,2,9800,1,2,2,4,1,1,1
2029,1,47,2,15000,1,2,1,4,1,1,1
1638,1,49,2,8000,1,1,1,4,1,1,1
925,2,49,2,20000,1,2,1,1,1,1,2
397,2,50,2,12000,1,2,1,6,1,1,2
1915,2,50,2,32000,1,1,1,4,1,1,1
1393,1,51,2,7600,1,1,1,4,1,1,2
1406,1,54,2,7000,1,1,1,6,1,1,1
375,1,54,2,12000,1,2,1,1,1,1,1
1923,2,54,2,28000,1,1,2,6,1,1,1
1562,1,54,2,30000,1,1,1,2,1,1,1
1391,2,54,2,32000,2,1,1,1,1,1,2
75,2,55,2,9200,1,2,1,1,1,1,2
1343,1,55,2,9600,1,1,1,4,1,1,2
1480,1,55,2,12000,2,2,1,4,1,1,1
796,2,56,2,32000,1,2,2,4,1,1,2
731,1,57,2,68000,1,1,1,1,1,1,2
99,1,62,2,5000,2,1,2,4,1,1,1
518,2,63,2,20000,1,2,1,1,1,1,1
1864,2,63,2,28000,1,1,2,1,1,1,1
256,1,64,2,10400,1,2,1,4,1,1,1
334,1,65,2,11200,1,2,1,1,1,1,1
737,1,67,2,8000,1,1,1,4,1,1,1
389,1,73,2,4800,2,2,1,1,1,1,1
424,1,75,2,56000,1,1,1,4,1,1,1
51,2,76,2,16000,1,2,1,1,1,1,2
1194,2,77,2,7600,1,1,1,4,1,1,1
1898,1,24,3,10000,1,2,1,4,1,1,1
42,2,26,3,9600,1,2,2,4,1,1,1
467,1,26,3,32000,1,2,1,4,1,1,2
1487,1,27,3,4800,2,2,2,2,1,1,2
815,2,27,3,10000,1,1,2,6,1,1,1
572,1,28,3,38000,1,2,1,1,1,1,1
445,1,30,3,7200,2,2,1,1,1,1,2
639,2,30,3,24800,2,1,1,4,1,1,1
1853,1,31,3,12000,2,1,1,2,1,1,1
812,1,32,3,5000,2,1,1,6,1,1,1
1541,1,32,3,24000,1,1,1,6,1,1,1
535,1,33,3,16000,1,1,1,1,1,1,2
1318,1,34,3,20000,1,2,1,4,1,1,1
1504,1,35,3,14000,1,1,2,8,1,1,1
1280,1,35,3,16000,2,2,1,1,1,1,1
508,1,35,3,60000,1,2,1,4,1,1,2
1522,1,36,3,5200,1,1,1,2,1,1,2
372,2,36,3,7200,1,1,2,4,1,1,2
1385,2,36,3,12000,1,1,1,4,1,1,1
4,1,36,3,14000,1,1,2,6,1,1,2
1755,1,36,3,24000,1,1,1,1,1,1,1
1703,1,37,3,16000,1,1,1,5,1,1,2
546,1,37,3,24000,2,1,1,6,1,1,2
929,1,38,3,28000,2,1,1,4,1,1,2
1987,2,39,3,15000,1,2,2,2,1,1,1
1933,1,40,3,6000,1,1,2,4,1,1,2
1617,1,40,3,16000,1,1,1,1,1,1,1
1698,1,40,3,28000,1,2,1,2,1,1,1
525,2,40,3,40000,1,1,2,1,1,1,1
492,1,41,3,9600,1,2,1,2,1,1,1
2008,2,42,3,6750,1,1,1,1,1,1,1
723,2,42,3,8000,1,2,1,3,1,1,2
1902,1,43,3,4600,1,2,1,4,1,1,2
1136,1,43,3,60000,2,2,1,6,1,1,2
869,1,44,3,40000,2,1,1,6,1,1,1
987,1,44,3,40000,2,2,1,4,1,1,1
489,2,45,3,40000,1,2,1,4,1,1,1
1494,1,46,3,4800,2,2,2,4,1,1,2
1211,1,47,3,40000,1,1,1,4,1,1,2
1472,2,50,3,32000,1,2,1,1,1,1,2
295,1,51,3,9000,1,1,1,1,1,1,1
1275,2,51,3,56000,1,2,2,2,1,1,2
400,1,51,3,60800,1,1,1,1,1,1,2
247,1,52,3,4500,2,1,1,1,1,1,2
1675,1,52,3,48000,1,2,2,2,1,1,1
1747,1,55,3,23000,1,1,1,6,1,1,1
2006,1,57,3,10000,1,1,1,4,1,1,2
1719,1,58,3,14000,2,2,1,4,1,1,2
490,1,60,3,15000,1,1,1,1,1,1,2
681,1,63,3,6000,2,2,1,6,1,1,2
253,1,63,3,14800,1,1,1,1,1,1,2
1975,2,64,3,8000,2,2,2,1,1,1,1
219,1,64,3,40000,1,2,1,1,1,1,1
1273,1,66,3,44000,1,1,1,6,1,1,2
720,1,67,3,20800,1,2,2,4,1,1,1
1842,2,72,3,4800,1,1,1,1,1,1,1
602,1,75,3,16000,1,2,1,1,1,1,1
2041,2,38,4,6400,2,2,1,3,1,1,1
1640,1,39,4,10000,2,1,1,4,1,1,1
1431,1,42,4,10000,2,2,1,8,1,1,1
1525,2,54,4,15000,2,2,2,4,1,1,2
2020,1,54,4,48000,1,2,2,6,1,1,2
1878,1,56,4,32000,1,1,1,4,1,1,1
1702,1,57,4,12000,1,2,1,1,1,1,1
206,2,66,4,40000,1,2,1,2,1,1,2
2016,1,67,4,4800,1,2,1,1,1,1,1
1811,1,85,4,30000,1,1,1,6,1,1,1
